{"stats":{"minecraft:used":{"minecraft:trident":27,"minecraft:bow":5,"create:gearbox":3},"minecraft:custom":{"minecraft:jump":17,"minecraft:time_since_rest":105171,"minecraft:leave_game":9,"minecraft:play_time":105171,"minecraft:sprint_one_cm":5578,"minecraft:time_since_death":105171,"minecraft:walk_on_water_one_cm":374,"minecraft:walk_one_cm":1656,"minecraft:sneak_time":233,"minecraft:total_world_time":105171,"minecraft:walk_under_water_one_cm":3005,"minecraft:fly_one_cm":306139}},"DataVersion":3465}