{
  "minecraft:recipes/decorations/crafting_table": {
    "criteria": {
      "unlock_right_away": "2024-11-09 17:01:20 +0000"
    },
    "done": true
  },
  "minecraft:adventure/adventuring_time": {
    "criteria": {
      "minecraft:badlands": "2024-11-09 17:02:21 +0000",
      "minecraft:river": "2024-11-11 14:35:41 +0000",
      "minecraft:desert": "2024-11-09 17:02:03 +0000",
      "minecraft:plains": "2024-11-09 17:01:21 +0000"
    },
    "done": false
  },
  "create:root": {
    "criteria": {
      "0": "2024-11-09 17:20:13 +0000"
    },
    "done": true
  },
  "minecraft:recipes/redstone/dispenser": {
    "criteria": {
      "has_bow": "2024-11-09 17:20:19 +0000"
    },
    "done": true
  },
  "biomesoplenty:biomesoplenty/all_biomes": {
    "criteria": {
      "scrubland": "2024-11-11 14:35:54 +0000",
      "lush_savanna": "2024-11-11 14:34:58 +0000",
      "dryland": "2024-11-11 14:35:43 +0000",
      "lush_desert": "2024-11-11 14:35:19 +0000"
    },
    "done": false
  },
  "biomesoplenty:biomesoplenty/root": {
    "criteria": {
      "lush_savanna": "2024-11-11 14:34:58 +0000"
    },
    "done": true
  },
  "DataVersion": 3465
}